model,dim,ndcg10,recall100,ndcg10_pct,recall100_pct
FRIDA,1536,0.7249,0.9341,100.0000,100.0000
FRIDA,1024,0.7253,0.9335,100.0608,99.9307
FRIDA,768,0.7221,0.9279,99.6112,99.3340
FRIDA,512,0.7175,0.9214,98.9762,98.6322
FRIDA,384,0.7145,0.9203,98.5614,98.5183
FRIDA,256,0.7003,0.9072,96.6052,97.1153
FRIDA,128,0.6578,0.8803,90.7436,94.2374
FRIDA,64,0.5409,0.7868,74.6204,84.2314
FRIDA,32,0.3180,0.6164,43.8691,65.9888
Qwen3-Embedding-0.6B,1024,0.6664,0.9307,100.0000,100.0000
Qwen3-Embedding-0.6B,768,0.6652,0.9269,99.8263,99.5925
Qwen3-Embedding-0.6B,512,0.6606,0.9213,99.1290,98.9971
Qwen3-Embedding-0.6B,384,0.6548,0.9132,98.2572,98.1239
Qwen3-Embedding-0.6B,256,0.6488,0.9060,97.3517,97.3460
Qwen3-Embedding-0.6B,128,0.6251,0.8813,93.8013,94.6985
Qwen3-Embedding-0.6B,64,0.5655,0.8313,84.8610,89.3196
Qwen3-Embedding-0.6B,32,0.4392,0.7464,65.9106,80.1945
